Label,Rules,Quality,Score
0,IF Combine>=70.068 THEN Class=1,0.9615384615384616,0.44067796610169496
1,IF Oral>=42.86 THEN Class=0,0.9722222222222222,0.2542372881355933
2,IF Position==Lieutenant THEN Class=0,0.6666666666666666,0.016949152542372947
3,IF TRUE THEN Class=0,0.5901639344262295,0
